{
  "validation": {
    "number_of_samples": 1124,
    "expected_samples": 1124,
    "partial": false,
    "accuracy": 0.8709964412811388,
    "ai_recall": 0.8664529914529915,
    "false_positive_rate_on_real": 0.10638297872340426,
    "precision": 0.9759326113116726,
    "true_positives": 811,
    "true_negatives": 168,
    "false_positives": 20,
    "false_negatives": 125,
    "requested_sample_cap": null
  },
  "validation_augmented": {
    "number_of_samples": 1124,
    "expected_samples": 1124,
    "partial": false,
    "accuracy": 0.7322064056939501,
    "ai_recall": 0.7097118463180363,
    "false_positive_rate_on_real": 0.15508021390374332,
    "precision": 0.9582132564841499,
    "true_positives": 665,
    "true_negatives": 158,
    "false_positives": 29,
    "false_negatives": 272,
    "requested_sample_cap": null
  }
}