{
  "validation": {
    "number_of_samples": 1124,
    "expected_samples": 1124,
    "partial": false,
    "accuracy": 0.8318505338078291,
    "ai_recall": 0.8205128205128205,
    "false_positive_rate_on_real": 0.11170212765957446,
    "precision": 0.973384030418251,
    "true_positives": 768,
    "true_negatives": 167,
    "false_positives": 21,
    "false_negatives": 168,
    "requested_sample_cap": null
  },
  "validation_augmented": {
    "number_of_samples": 1124,
    "expected_samples": 1124,
    "partial": false,
    "accuracy": 0.7001779359430605,
    "ai_recall": 0.6744930629669157,
    "false_positive_rate_on_real": 0.1711229946524064,
    "precision": 0.9518072289156626,
    "true_positives": 632,
    "true_negatives": 155,
    "false_positives": 32,
    "false_negatives": 305,
    "requested_sample_cap": null
  }
}