{
  "binary_distribution": {
    "0": 4948,
    "1": 24740
  },
  "class_distribution": {
    "0": 4948,
    "1": 4948,
    "2": 4948,
    "3": 4948,
    "4": 4948,
    "5": 4948
  },
  "cleaning": {
    "augmentation": "No augmentation is applied in Task 1.1.",
    "resize": "All valid images are resized deterministically to 224x224.",
    "rgb_conversion": "All valid images are converted to RGB for a consistent three-channel input."
  },
  "corrupted_or_skipped_images": 0,
  "overall": {
    "aspect_ratio": {
      "max": 5.0,
      "mean": 1.043405581755436,
      "median": 1.0,
      "min": 0.24375,
      "p25": 1.0,
      "p75": 1.0
    },
    "byte_size": {
      "max": 160988.0,
      "mean": 30742.761418755053,
      "median": 27913.5,
      "min": 1931.0,
      "p25": 20292.0,
      "p75": 37079.0
    },
    "height": {
      "max": 640.0,
      "mean": 338.93286849905684,
      "median": 320.0,
      "min": 128.0,
      "p25": 320.0,
      "p75": 320.0
    },
    "mean_b": {
      "max": 254.3262481689453,
      "mean": 109.56792144199501,
      "median": 108.21486282348633,
      "min": 1.9427241086959839,
      "p25": 89.3436050415039,
      "p75": 127.49715042114258
    },
    "mean_brightness": {
      "max": 241.8289337158203,
      "mean": 117.96886501296837,
      "median": 117.48998260498047,
      "min": 10.087654113769531,
      "p25": 101.98914337158203,
      "p75": 133.7246971130371
    },
    "mean_g": {
      "max": 241.7271270751953,
      "mean": 119.7139065500637,
      "median": 119.11528015136719,
      "min": 6.631435871124268,
      "p25": 103.23408889770508,
      "p75": 135.9922103881836
    },
    "mean_r": {
      "max": 242.44610595703125,
      "mean": 124.62609312322961,
      "median": 124.71934509277344,
      "min": 9.449811935424805,
      "p25": 108.72135353088379,
      "p75": 141.31022262573242
    },
    "pixel_std": {
      "max": 117.40552520751953,
      "mean": 56.62727745928571,
      "median": 56.5821533203125,
      "min": 1.523492455482483,
      "p25": 47.90676498413086,
      "p75": 65.10558319091797
    },
    "std_b": {
      "max": 117.47819519042969,
      "mean": 58.78374271980196,
      "median": 58.29076385498047,
      "min": 1.9222095012664795,
      "p25": 48.39454936981201,
      "p75": 68.66210556030273
    },
    "std_g": {
      "max": 117.4078598022461,
      "mean": 57.97784602685426,
      "median": 58.059919357299805,
      "min": 1.7162837982177734,
      "p25": 48.890342712402344,
      "p75": 66.84971237182617
    },
    "std_r": {
      "max": 117.3327865600586,
      "mean": 59.44766813600137,
      "median": 59.7150993347168,
      "min": 4.461427688598633,
      "p25": 50.020137786865234,
      "p75": 68.79525375366211
    },
    "width": {
      "max": 640.0,
      "mean": 354.96739423336027,
      "median": 320.0,
      "min": 156.0,
      "p25": 320.0,
      "p75": 320.0
    }
  },
  "per_source_class": {
    "0": {
      "aspect_ratio": {
        "max": 5.0,
        "mean": 1.260433490532616,
        "median": 1.3333333333333333,
        "min": 0.24375,
        "p25": 1.0,
        "p75": 1.4988290398126465
      },
      "byte_size": {
        "max": 160988.0,
        "mean": 51023.29304769604,
        "median": 48745.5,
        "min": 3478.0,
        "p25": 34720.5,
        "p75": 64690.0
      },
      "class_name": "real",
      "count": 4948,
      "height": {
        "max": 640.0,
        "mean": 483.3344785772029,
        "median": 480.0,
        "min": 128.0,
        "p25": 426.0,
        "p75": 508.0
      },
      "mean_brightness": {
        "max": 241.8289337158203,
        "mean": 113.2509633101276,
        "median": 112.98500442504883,
        "min": 10.087654113769531,
        "p25": 95.27011680603027,
        "p75": 130.7494888305664
      },
      "pixel_std": {
        "max": 108.50787353515625,
        "mean": 59.67971434647168,
        "median": 60.029008865356445,
        "min": 7.574128150939941,
        "p25": 50.2200984954834,
        "p75": 69.79155921936035
      },
      "top_dimensions": {
        "375x500": 93,
        "427x640": 169,
        "480x640": 420,
        "500x375": 193,
        "640x424": 89,
        "640x425": 131,
        "640x426": 200,
        "640x427": 578,
        "640x428": 157,
        "640x480": 1073
      },
      "width": {
        "max": 640.0,
        "mean": 579.5416329830234,
        "median": 640.0,
        "min": 156.0,
        "p25": 500.0,
        "p75": 640.0
      }
    },
    "1": {
      "aspect_ratio": {
        "max": 1.0,
        "mean": 1.0,
        "median": 1.0,
        "min": 1.0,
        "p25": 1.0,
        "p75": 1.0
      },
      "byte_size": {
        "max": 68856.0,
        "mean": 31897.79951495554,
        "median": 32839.5,
        "min": 2698.0,
        "p25": 24847.0,
        "p75": 39676.5
      },
      "class_name": "sd_2_1",
      "count": 4948,
      "height": {
        "max": 320.0,
        "mean": 320.0,
        "median": 320.0,
        "min": 320.0,
        "p25": 320.0,
        "p75": 320.0
      },
      "mean_brightness": {
        "max": 188.79029846191406,
        "mean": 117.19906710730316,
        "median": 116.96888732910156,
        "min": 69.3056411743164,
        "p25": 108.40873718261719,
        "p75": 125.98285675048828
      },
      "pixel_std": {
        "max": 93.64434814453125,
        "mean": 54.32465551117783,
        "median": 55.23084831237793,
        "min": 1.523492455482483,
        "p25": 46.50977897644043,
        "p75": 62.9352388381958
      },
      "top_dimensions": {
        "320x320": 4948
      },
      "width": {
        "max": 320.0,
        "mean": 320.0,
        "median": 320.0,
        "min": 320.0,
        "p25": 320.0,
        "p75": 320.0
      }
    },
    "2": {
      "aspect_ratio": {
        "max": 1.0,
        "mean": 1.0,
        "median": 1.0,
        "min": 1.0,
        "p25": 1.0,
        "p75": 1.0
      },
      "byte_size": {
        "max": 67616.0,
        "mean": 27280.486054971705,
        "median": 27804.5,
        "min": 2628.0,
        "p25": 21803.75,
        "p75": 33284.0
      },
      "class_name": "sdxl",
      "count": 4948,
      "height": {
        "max": 320.0,
        "mean": 320.0,
        "median": 320.0,
        "min": 320.0,
        "p25": 320.0,
        "p75": 320.0
      },
      "mean_brightness": {
        "max": 206.80535888671875,
        "mean": 119.29135852295637,
        "median": 118.11771011352539,
        "min": 56.84441375732422,
        "p25": 105.94554138183594,
        "p75": 132.5741958618164
      },
      "pixel_std": {
        "max": 76.04644012451172,
        "mean": 46.960322812380284,
        "median": 47.36385154724121,
        "min": 12.795949935913086,
        "p25": 41.25858211517334,
        "p75": 52.96803569793701
      },
      "top_dimensions": {
        "320x320": 4948
      },
      "width": {
        "max": 320.0,
        "mean": 320.0,
        "median": 320.0,
        "min": 320.0,
        "p25": 320.0,
        "p75": 320.0
      }
    },
    "3": {
      "aspect_ratio": {
        "max": 1.0,
        "mean": 1.0,
        "median": 1.0,
        "min": 1.0,
        "p25": 1.0,
        "p75": 1.0
      },
      "byte_size": {
        "max": 72885.0,
        "mean": 30585.279506871462,
        "median": 30864.5,
        "min": 2394.0,
        "p25": 22542.75,
        "p75": 38541.25
      },
      "class_name": "sd_3",
      "count": 4948,
      "height": {
        "max": 320.0,
        "mean": 320.0,
        "median": 320.0,
        "min": 320.0,
        "p25": 320.0,
        "p75": 320.0
      },
      "mean_brightness": {
        "max": 221.1768035888672,
        "mean": 135.72573828331,
        "median": 135.18950653076172,
        "min": 27.49676513671875,
        "p25": 120.18249320983887,
        "p75": 152.82593536376953
      },
      "pixel_std": {
        "max": 117.40552520751953,
        "mean": 65.211141567608,
        "median": 65.99868774414062,