{
  "binary_distribution": {
    "0": 4948,
    "1": 24740
  },
  "class_distribution": {
    "0": 4948,
    "1": 4948,
    "2": 4948,
    "3": 4948,
    "4": 4948,
    "5": 4948
  },
  "cleaning": {
    "cleaned_train_dir": "artifacts/task01/cleaned_train",
    "image_size": 224,
    "jpeg_quality": 90,
    "n_cleaned_shards": 29,
    "shard_size": 1024
  },
  "failures": [],
  "format_distribution": {
    "JPEG": 29688
  },
  "mode_distribution": {
    "RGB": 29688
  },
  "n_failures": 0,
  "n_images": 29688,
  "overall_byte_len": {
    "max": 160988.0,
    "mean": 30742.761418755053,
    "median": 27913.5,
    "min": 1931.0,
    "p25": 20292.0,
    "p75": 37079.0
  },
  "overall_height": {
    "max": 640.0,
    "mean": 338.93286849905684,
    "median": 320.0,
    "min": 128.0,
    "p25": 320.0,
    "p75": 320.0
  },
  "overall_width": {
    "max": 640.0,
    "mean": 354.96739423336027,
    "median": 320.0,
    "min": 156.0,
    "p25": 320.0,
    "p75": 320.0
  },
  "per_class": {
    "0": {
      "byte_len": {
        "max": 160988.0,
        "mean": 51023.29304769604,
        "median": 48745.5,
        "min": 3478.0,
        "p25": 34720.5,
        "p75": 64690.0
      },
      "class_name": "real",
      "count": 4948,
      "gray_mean": {
        "max": 241.8289337158203,
        "mean": 113.2509633101276,
        "median": 112.98500442504883,
        "min": 10.087654113769531,
        "p25": 95.27011680603027,
        "p75": 130.7494888305664
      },
      "gray_std": {
        "max": 108.50787353515625,
        "mean": 59.67971434647168,
        "median": 60.029008865356445,
        "min": 7.574128150939941,
        "p25": 50.2200984954834,
        "p75": 69.79155921936035
      },
      "height": {
        "max": 640.0,
        "mean": 483.3344785772029,
        "median": 480.0,
        "min": 128.0,
        "p25": 426.0,
        "p75": 508.0
      },
      "top_dimensions": {
        "375x500": 93,
        "427x640": 169,
        "480x640": 420,
        "500x375": 193,
        "640x424": 89,
        "640x425": 131,
        "640x426": 200,
        "640x427": 578,
        "640x428": 157,
        "640x480": 1073
      },
      "width": {
        "max": 640.0,
        "mean": 579.5416329830234,
        "median": 640.0,
        "min": 156.0,
        "p25": 500.0,
        "p75": 640.0
      }
    },
    "1": {
      "byte_len": {
        "max": 68856.0,
        "mean": 31897.79951495554,
        "median": 32839.5,
        "min": 2698.0,
        "p25": 24847.0,
        "p75": 39676.5
      },
      "class_name": "sd_2_1",
      "count": 4948,
      "gray_mean": {
        "max": 188.79029846191406,
        "mean": 117.19906710730316,
        "median": 116.96888732910156,
        "min": 69.3056411743164,
        "p25": 108.40873718261719,
        "p75": 125.98285675048828
      },
      "gray_std": {
        "max": 93.64434814453125,
        "mean": 54.32465551117783,
        "median": 55.23084831237793,
        "min": 1.523492455482483,
        "p25": 46.50977897644043,
        "p75": 62.9352388381958
      },
      "height": {
        "max": 320.0,
        "mean": 320.0,
        "median": 320.0,
        "min": 320.0,
        "p25": 320.0,
        "p75": 320.0
      },
      "top_dimensions": {
        "320x320": 4948
      },
      "width": {
        "max": 320.0,
        "mean": 320.0,
        "median": 320.0,
        "min": 320.0,
        "p25": 320.0,
        "p75": 320.0
      }
    },
    "2": {
      "byte_len": {
        "max": 67616.0,
        "mean": 27280.486054971705,
        "median": 27804.5,
        "min": 2628.0,
        "p25": 21803.75,
        "p75": 33284.0
      },
      "class_name": "sdxl",
      "count": 4948,
      "gray_mean": {
        "max": 206.80535888671875,
        "mean": 119.29135852295637,
        "median": 118.11771011352539,
        "min": 56.84441375732422,
        "p25": 105.94554138183594,
        "p75": 132.5741958618164
      },
      "gray_std": {
        "max": 76.04644012451172,
        "mean": 46.960322812380284,
        "median": 47.36385154724121,
        "min": 12.795949935913086,
        "p25": 41.25858211517334,
        "p75": 52.96803569793701
      },
      "height": {
        "max": 320.0,
        "mean": 320.0,
        "median": 320.0,
        "min": 320.0,
        "p25": 320.0,
        "p75": 320.0
      },
      "top_dimensions": {
        "320x320": 4948
      },
      "width": {
        "max": 320.0,
        "mean": 320.0,
        "median": 320.0,
        "min": 320.0,
        "p25": 320.0,
        "p75": 320.0
      }
    },
    "3": {
      "byte_len": {
        "max": 72885.0,
        "mean": 30585.279506871462,
        "median": 30864.5,
        "min": 2394.0,
        "p25": 22542.75,
        "p75": 38541.25
      },
      "class_name": "sd_3",
      "count": 4948,
      "gray_mean": {
        "max": 221.1768035888672,
        "mean": 135.72573828331,
        "median": 135.18950653076172,
        "min": 27.49676513671875,
        "p25": 120.18249320983887,
        "p75": 152.82593536376953
      },
      "gray_std": {
        "max": 117.40552520751953,
        "mean": 65.211141567608,
        "median": 65.99868774414062,
        "min": 12.233952522277832,
        "p25": 56.004966735839844,
        "p75": 75.2859001159668
      },
      "height": {
        "max": 320.0,
        "mean": 320.0,
        "median": 320.0,
        "min": 320.0,
        "p25": 320.0,
        "p75": 320.0
      },
      "top_dimensions": {
        "320x320": 4948
      },
      "width": {
        "max": 320.0,
        "mean": 320.0,
        "median": 320.0,
        "min": 320.0,
        "p25": 320.0,
        "p75": 320.0
      }
    },
    "4": {
      "byte_len": {
        "max": 48564.0,
        "mean": 17954.659458367016,
        "median": 18187.0,
        "min": 1931.0,
        "p25": 15591.75,
        "p75": 20645.0
      },
      "class_name": "dall_e_3",
      "count": 4948,
      "gray_mean": {
        "max": 220.67103576660156,
        "mean": 115.764235007734,
        "median": 112.92221450805664,
        "min": 39.48389434814453,
        "p25": 97.79705047607422,
        "p75": 130.91286087036133
      },
      "gray_std": {
        "max": 109.26949310302734,
        "mean": 60.29006951069196,
        "median": 60.217857360839844,
        "min": 28.618534088134766,
        "p25": 55.46702766418457,
        "p75": 65.11469078063965
      },
      "height": {
        "max": 320.0,
        "mean": 270.26273241713824,
        "median": 270.0,
        "min": 270.0,
        "p25": 270.0,
        "p75": 270.0
      },
      "top_dimensions": {
        "270x270": 4922,
        "320x320": 26
      },
      "width": {
        "max": 320.0,
        "mean": 270.26273241713824,
        "median": 270.0,
        "min": 270.0,
        "p25": 270.0,
        "p75": 270.0
      }
    },
    "5": {
      "byte_len": {
        "max": 46747.0,
        "mean": 25715.050929668552,
        "median": 26125.0,
        "min": 2382.0,
        "p25": 21803.5,
        "p75": 30435.25
      },
      "class_name": "midjourney",
      "count": 4948,
      "gray_mean": {
        "max": 229.6239013671875,
        "mean": 106.58182784637907,
        "median": 104.32071304321289,
        "min": 15.337747573852539,
        "p25": 82.85858917236328,
        "p75": 128.33710861206055
      },
      "gray_std": {
        "max": 101.11992645263672,
        "mean": 53.297761007384516,
        "median": 53.18173599243164,
        "min": 11.701787948608398,
        "p25": 45.65600395202637,
        "p75": 61.1273078918457
      },
      "height": {
        "max": 320.0,
        "mean": 320.0,
        "median": 320.0,
        "min": 320.0,
        "p25": 320.0,
        "p75": 320.0
      },
      "top_dimensions": {
        "320x320": 4948
      },
      "width": {
        "max": 320.0,
        "mean": 320.0,
        "median": 320.0,
        "min": 320.0,
        "p25": 320.0,
        "p75": 320.0
      }
    }
  },